id,name
30612,Polygram Filmed Entertainment
57311,Working Title Films
48273,EuropaCorp
69340,M6 Films
240248,Grive Productions
174373,Dune Entertainment
28557,Canal+
37417,M6
346444,Ciné+
221580,Karma Film Prod
787629,Taken 2
23400,Paramount Pictures
102273,Eddie Murphy Productions
98836,Walt Disney Productions
197272,Film4
104859,Warp Films
24845,Wild Bunch
106149,Optimum Releasing
112971,Endgame Entertainment
506124,Vendian Entertainment
513383,KrautPack Entertainment
50868,Columbia Pictures
30084,Hofflund/Polone
12600,Global Entertainment Productions GmbH & Company Medien KG
11800,Permut Presentations
49348,Touchstone Pictures
20967,Douglas/Reuther Productions
41998,WCG Entertainment Productions
3224,Belladonna Productions
260274,Memento Films International
429818,Paradise City
313110,The Zoo
262387,Uncorked Productions
402483,Venture Forth
655598,We Are What We Are
285648,Cross Creek Pictures
19626,Dimension Films
196801,PS 260
319489,Vertebra Films
208237,Zed Filmworks
2663,Warner Bros.
366362,Electric City Entertainment
41001,Hurwitz Creative
449458,RatPac-Dune Entertainment
86332,Zero Gravity Management
190856,Relative Noise
275347,Aliquot Films
190929,Deerjen Films
274645,Furnace
39462,Public Broadcasting Service
74280,Oregon Public Broadcasting
75999,John Gau Productions
592426,BBC Studios
142268,William Castle Productions
38591,August Films
38657,Film Funding Ltd. of Canada
51074,Canadian Film Development Corporation
695373,Famous Players
4750,Vision IV
14380,Dino De Laurentiis Company
5073,Universal Pictures
10258,Malpaso Productions
5596,2929 Productions
142476,Adelstein-Parouse Productions
1857,Hard Eight Pictures
223495,Hoban Segal Productions
151527,Victor Solnicki Productions
62469,Movie Central Network
139728,Corus
26937,Province of British Columbia Production Services Tax Credit
28055,Copperheart Entertainment
92623,Milestone Entertainment
46718,New Line Cinema
108859,Sean S. Cunningham Films
71240,Platinum Dunes
98315,Blumhouse Productions
504433,Allspark Pictures
169264,Dentsu
55529,Fuji Television Network
130376,Hasbro
59753,Intrepid Pictures
102264,The Malpaso Company
68181,Palla
126028,Vestron Pictures
776621,HB Filmrullen
47977,Contemporary Films
658318,Electric Pictures
136689,Laurel Group
607988,Dawn Associates
142678,Relativity Media
251858,FilmNation Entertainment
247116,A Bigger Boat
682093,Dino De Laurentiis
670561,Landers-Roberts Productions
402600,Space Rocket Nation
135575,Bold Films
4166,MEDIA Programme of the European Union
404626,Danish Film Institute
35146,Danmarks Radio (DR)
45447,Turner Pictures (I)
49706,Alphaville Films
317320,Softbank Ventures
188167,Showbox/Mediaplex
321429,Peppermint & Company
20493,Siz Entertainment
119044,Crowvision Inc.
32245,Entertainment Media Investment Corporation
176154,Image Comics
31659,Jeff Most Productions
22594,Miramax
6728,Pressman Film
28247,Avery Pix
67362,Crystal Lake Entertainment
6287,WTC Productions
4434,Yannix Technology Corporation
46206,Summit Entertainment
317576,Demarest Films
52383,Pandemonium
598281,Argent Pictures
337632,Bliss Media
208137,IM Global
465607,AI-Film
2521,Creative Artists Agency
484538,Kylin Pictures
73417,Icon Productions
234956,Screen Australia
286594,Screen NSW
159111,Legendary Entertainment
526406,Syon Media
54778,Artists Entertainment Complex
1584,Produzioni De Laurentiis International Manufacturing Company
56665,Midwinter Productions Inc.
5891,Trancas International Films
252506,GO2SHO
35761,Gracie Films
99734,Huayi Brothers Media
33486,Robert Simonds Productions
249694,STX Entertainment
59493,Georgetown Productions Inc.
46277,De Laurentiis Entertainment Group
21078,Lion Films
103685,Polygram Pictures
765197,Lyncanthrope Films
765198,American Werewolf
390816,A24
641956,PASTEL
136967,Plan B Entertainment
420822,TSG Entertainment
501651,Meñakoz Films
90290,Centre national du cinéma et de l'image animée (CNC)
604062,Taken 3
756,Twentieth Century Fox
296971,Lava Bear Films
158853,21 Laps Entertainment
616808,Xenolinguistics
159596,Proton Cinema
133296,Pola Pandora Filmproduktions
86612,Filmpartners
45825,The Chimney Pot
56024,Eurimages
1935,Film i Väst
665692,German Films
690819,Hungarian Film Incentives
475594,Hungarian National Film Fund
130575,Medienboard Berlin-Brandenburg
48118,Svenska Filminstitutet
285154,VisionTeam
174795,ZDF/Arte
103694,BBC Films
227229,"Belle Allee Productions, La"
132355,La Belle Allee
79694,NWR Film Productions
18704,Nimbus Film Productions
223259,One Eye Production
136039,Savalas Audio Post-Production
611595,Man in A Tree
333174,H2O Motion Pictures
333129,2262730 Ontario
508816,Eggplant Picture & Sound
169766,Middle Child Films Inc.
253942,Quickfire Films
70636,3 Arts Entertainment
49752,Bay Films
88656,Dune Films
181591,Latina Pictures
303030,Highland Film Group (HFG)
482754,Hassell Free Production
209925,Ingenious Media
481625,Saban Films
373555,The Electric Shadow Company
270629,Prettybird
518238,Saeculum Productions
491058,Movie Trailer House
316867,Route One Entertainment
235528,Bluegrass Films
18471,Larger Than Life Productions
179825,The Safran Company
504531,Atomic Monster
179990,Evergreen Media Group
819670,Dreamworks Pictures
17497,Fox 2000 Pictures
336601,Reliance Entertainment
132772,Participant
9119,Amblin Entertainment
93810,Marc Platt Productions
53177,Studio Babelsberg
173285,Lionsgate
49689,Why Not Productions
5323,Lakeshore Entertainment
84207,Vertigo Entertainment
19968,Silver Pictures
353060,Waypoint Entertainment
355965,Bloom
87854,Lipsync Productions
572995,Misty Mountains
152564,A&E IndieFilms
301328,Motto Pictures
318641,Roger Ross Williams Productions
222800,Paper Street Films
143583,Back Lot Pictures
517964,KGB Media
57460,David Kirschner Productions
20377,American Entertainment
18947,Cinerenta Medienbeteiligungs KG
1006,Cinedelta
319513,Black Bear Pictures
457197,Bristol Automotive
544767,Orange Corp
150452,The Weinstein Company
632400,Hishow Entertainment
363633,West London Films
314851,FilmDistrict
113140,MWM Studios
360145,Motel Movies
356542,Drive Film Holdings
758832,Oddlot Entertainment
70108,Red Dragon Productions S.A.
172053,Gaumont
581722,DR/Flimklubben
212003,Nordisk Film ShortCut
113606,Nordisk Film- & TV-Fond
23617,Filmkameratene A/S
234299,Film Fund FUZZ
2093,SF Norge A/S
9436,Norsk Filminstitutt
382705,Sogn og Fjordane Fylkeskommune
244225,Cinet
281599,Pomor Film
13255,Love Streams Productions
247083,Agnès b. Productions
293292,Davaj Film
278851,FilmCamp
14706,Filmpool Nord
238491,Kinology
13526,Yleisradio (YLE)
119038,Gordon Company
479739,LStar Capital
259281,Scott Free Productions
562694,The Cantillon Company
86328,The Shuman Company
108864,Village Roadshow Pictures
732581,First Look Media
17525,Anonymous Content
299281,Rocklin/Faust
178575,Open Road Films
51618,Entertainment One
478896,Topic Studios
35535,Escape Artists
418236,ZHIV Productions
26101,Mace Neufeld Productions
183889,Lonetree Entertainment
103220,Incorporated Television Company
178111,QED International
307345,"Grisbi Productions, Le"
146364,Crave Films
28932,Fox Searchlight Pictures
22869,Pathé
64141,Everest Entertainment
265704,Cloud Eight Films
333799,Decibel Films
130,Darlow Smithson Productions
283574,Big Screen Productions
4617,Dentsu Motion Pictures
5955,Chessman Park Productions
202871,Bliss
142690,dfm Fiktion
60132,Nordisk Film
59852,Film i Skåne
152308,Canal+
258094,Cinémage 3
339466,DFM
48411,Det Danske Filminstitut
114907,Konstnärsnämnden
107532,Kostr-Film
777321,Nordisk Film & TV Fond
79546,Sveriges Television
298454,Touscoprod
8970,Walt Disney Pictures
74039,Walt Disney Animation Studios
103974,DNA Films
104387,British Film Council
556015,Rovio Animation
358927,Rovio Entertainment
103444,Casey Productions
53419,Eldorado Films
229251,D.L.N. Ventures Partnership
172670,Thunder Road Pictures
224994,87Eleven
453771,MJW Films
490386,DefyNite Films
212862,Cutting Edge Group
97671,Company Films
528655,Poquito Productions
197542,Unbelievable Entertainment
221927,Euforia Film
33686,Barentsfilm AS
248221,Miho Film
196178,News On Request
204420,Yellow Bastard Production
180408,Zwart Arbeid
210188,Studio 37
6560,La Petite Reine
169450,La Classe Américaine
338599,JD Prod
44140,France 3 Cinéma
305664,Jouror Productions
318083,uFilm
28908,CinéCinéma
125554,France Télévisions
169751,Tax Shelter du Gouvernement Fédéral Belge
103190,Horizon Pictures
153703,The Lab of Madness
160719,Film Science
395263,Neighborhood Watch
21358,Universal International Pictures
156964,Yellow Bird
38987,ZDF Enterprises
137854,Nordisk Film
78814,Zweites Deutsches Fernsehen (ZDF)
274834,Filmpool Stockholm Mälardalen
346545,Spiltan Underhållning
799294,A Film Location Company
20824,TV2 Norge
120121,River Road Entertainment
619814,A Monster Calls
287460,Apaches Entertainment
561265,Películas la Trini
104115,Ruby Films
37450,British Film Institute
68747,Pathe UK
566873,Redgill Productions
132161,Brandywine Productions
41067,Pinewood Studios
142386,SLM Production Group
410488,Black Label Media
610132,TIK Films
449425,Impostor Pictures
249085,Gilbert Films
113509,Vertigo Films
203328,Aramid Entertainment Fund
250100,Str8jacket Creations
91923,EM Media
231406,4DH Films
798920,Bronson Productions
211009,Perfume Films
228888,Protagonist Pictures
219021,Scanbox Entertainment Production
23951,Allied Artists Pictures
35064,Walter Wanger Productions
103330,Compton Films
137938,Tekli British Productions
488623,Bow and Arrow Entertainment
37203,PalmStar Media
215893,Spectacle Entertainment Group
596769,Spookshow International
384378,Windy Hill Pictures
553623,Victor & Edward Halperin Productions
67238,Balboa Entertainment
273107,Faliro House Productions
336582,The Combine
126913,Otto Preminger Films
54054,Blinding Edge Pictures
79995,Fuji Eight Company Ltd.
41421,RKO Radio Pictures
858,Brooksfilms
120075,Geffen Pictures
103747,Channel Four Film
103733,Revolution Films
91941,Screen Yorkshire
373121,Highland Park Classics
176814,The Ebersole Hughes Company
94459,Carolco Pictures
228420,Caliber Media Company
463954,Platinum Platypus
642616,Realmbuilders Productions
632419,The Jokers Films
642617,Twilight Riders
178319,thefyzz
334327,Rook Films
151099,Ulrich Seidl Film Produktion GmbH
10329,Filmfonds Wien
326911,Filmstandort Austria
44989,Österreichischer Rundfunk
12723,Österreichisches Filminstitut
3625,Harris-Kubrick Productions
243191,Regione Lazio
378201,Italian Tax Credit
751457,Partenariat du Quartier des spectacles
560664,Leone Film Group
394798,Wigwam Films
317989,Doha Film Institute
734629,Polaris Productions
113563,Hawk Films
59123,Max L. Raab Productions
67017,Si Litvinoff Film Production
155266,The State Hermitage Museum
43974,The Hermitage Bridge Studio
43735,Egoli Tossell Pictures
63806,Ministry of Culture of the Russian Federation
130222,Mitteldeutsche Medienförderung (MDM)
56044,"BKM, kulturelle Filmförderung des Bundes"
72082,Filmbüro NW
237938,WDR/Arte
33715,Fora Film
84172,Koppmedia
52417,NHK
74651,Seville Pictures
214258,YLE TV1
244153,AST Studio
101880,Mariinsky Theatre
86504,Filmboard Berlin-Brandenburg (FBB)
29217,Filmförderung Hamburg
22292,Kulturelle Filmförderung Sachsen
47730,Vinyl Films
24200,Golar Productions
14411,Impact Pictures
133276,Altavista Films
7410,Zeta Film
88143,Solofilm
979,B.O.M. Film Productions Co.
21371,Masulpiri Films
66014,iPictures
62935,Protozoa Pictures
29574,Phoenix Pictures
555595,QC Entertainment
369235,Monkeypaw Productions
18415,F/M
76587,Near Dark Joint Venture
284714,Say Ahh Productions
440557,SpectreVision
408249,Logan Pictures
454380,Black Light District
172687,Practical Pictures
236019,Parallel Zide
179834,FlipZide Pictures
47306,CBS Films
15447,Sidney Kimmel Entertainment
152188,Film 44
368761,LBI Productions
50853,Seda Spettacoli
490624,Four Seasons Partnership
209646,GK Films
430860,RatPac Entertainment
60306,Lions Gate Films
118213,Billy's People
74787,Savoy Pictures
23612,The Turman-Morrissey Company
54911,TV2 Danmark
157418,Pusher III Ltd.
167772,Wheel Productions
40620,Castle Rock Entertainment
123642,Detour Filmproduction
17902,Pixar Animation Studios
44714,Cube Vision
49027,Crucial Films
600293,Broken Chair Flickz
90153,Circle of Confusion
109042,Xenon Pictures
242459,Informant Media
73152,Butcher's Run Films
238585,Olympus Pictures
279773,Deer Path Productions
278262,Northwood Productions
115759,Serenade Films
146502,Vox3 Films
33437,Mandalay Entertainment
9331,Reperage & Vanguard Films
48014,Applecross
326604,Sycamore Pictures
96354,Gowanus Projections
462648,Story Ink
252750,Jaye Bird Productions
446409,Allison Shearmur Productions
465725,Beagle Pug Films
301801,Genre Films
2572,Millennium Films
148026,Nu Image Entertainment GmbH
122265,Nimar Studios
142444,Rogue Marble
72847,Splendid Film
237053,Wide Pictures
7143,Metro-Goldwyn-Mayer (MGM)
141156,Star Partners
55424,Road Movies Filmproduktion
48010,Argos Films
75650,Westdeutscher Rundfunk (WDR)
103532,Channel Four Films
46948,Pro-ject Filmproduktion
495636,Wim Wenders Stiftung
58013,Samuel Goldwyn Films
39303,Red Hour Films
465201,Down Productions
286113,BZ Entertainment
221959,Green Hat Films
732571,Icon Films
373725,Joint Effort
85751,The Mark Gordon Company
53790,Réalisation d'art cinématographique
323215,Annapurna Pictures
7038,Hivemind
129164,DreamWorks Animation
9130,Scholastic
671719,Treehouse Comix
43140,Act III Communications
21056,Buttercup Films Ltd.
40943,The Princess Bride Ltd.
409060,Animal Kingdom
255998,Matten Productions
112616,Double Nickel Entertainment
62831,Gerber Pictures
257319,WV Films IV
5883,TriStar Pictures
20509,DMG Entertainment
236721,Ram Bergman Productions
332878,Tea Shop Productions
608498,Entertainment Studios Motion Pictures
309085,Altitude Film Entertainment
611089,Dragon Root Securities
437329,Flexibon Films
504823,Lantica Media
370843,George Films
174578,Good Films Collective
637790,Road Less Traveled Productions
276464,Sierra / Affinity
3580,Revolution Studios
11877,Initial Entertainment Group (IEG)
167271,Virtual Studios
10750,Saturn Films
163543,Broken Road Productions
119535,Eyetronics
286257,Chernin Entertainment
99815,Wiseau-Films
102282,National Lampoon
52515,Mystery Clock Cinema
245613,Goldcrest Pictures
94257,Kaplan / Perrone Entertainment
265519,Wintergreen Productions
42399,Focus Features
23056,Chickie the Cop
186526,Closed on Mondays Entertainment
116500,Denver and Delilah Productions
525779,Pioneer Stilking Films
638081,T.G.I.M Films
1995,Orion Pictures
690814,Troll Court Entertainment
743279,AG Studios
556742,Itaca Films
319272,Amazon Studios
506728,K Period Media
358992,Pearl Street Films
453671,The Media Farm
496040,The Affleck/Middleton Project
509232,B Story
203259,Big Indie Pictures
562497,Tencent Pictures
176630,Créa TV
206305,Midnight Kitchen Productions
611752,PTG Nevada
179337,Voltage Pictures
121295,Head Gear Films
241288,Phi
9056,Buffalo Gal Pictures
213260,Kidam
121181,Sony Pictures Animation
227121,Village Roadshow Pictures
94914,Scholastic Entertainment
35058,Expedition Films
11134,Original Film
26545,Sony Pictures Entertainment
203017,Room 101
188303,Snoot Entertainment
86720,Fantefilm
489140,Seven Film Romania
166660,Occupant Entertainment
443985,Hyperion Media Group
126667,Hindsight Media
554321,Altus Media (Five)
91878,Screen Ireland
109508,Fantastic Films
441625,Hallow Films
251339,Fade to Black Productions
193161,Artina Films
346224,Perfect World Pictures
446665,3StoryFilms
440338,TriStar Productions
38131,ImageMovers
174505,Michael De Luca Productions
679340,Nu-Image
70005,Creative Differences
314375,History Films
77044,Ministère de la Culture et de la Communication
14456,ARTE
39268,Werner Herzog Filmproduktion
163162,More4
171098,Sandbar Pictures
491746,ULTRAMEDIA
21497,Priority Pictures
296441,Silver Reel
316150,Creative Scotland
57965,Sigma Films
156991,Nick Wechsler Productions
360608,JW Films
26228,Scottish Screen
104811,UK Film Council
66779,Jalem Productions
2222,ITVS
50095,Mosaic Films
454597,BOND360
234845,Trouper Productions
332086,Zipper Bros Films
55764,WQED
4215,The Associates & Aldrich Company
545200,Elara Pictures
628817,Rhea Films
139552,Frank Ross-Norma Krasna Inc.
193414,Overture Films
251916,Imagenation Abu Dhabi FZ
152397,Penn Station Entertainment
111219,Filmhaus
298101,Saville Productions
93765,Scott Rudin Productions
260232,Fella Films
348009,Northern Ontario Heritage Fund
53578,Téléfilm Canada
336679,Global Produce
133364,Jigsaw Productions
628396,Showtime Documentary Films
244345,XYZ Films
214624,Element Pictures
298044,Runaway Fridge Productions
10426,Superior Pictures
59172,Touchwood Pacific Partners 1
6702,Avnet/Kerner Productions
340487,Yunnan Film Group
221973,Media Max Productions
409391,22h22
875458,Mediabiz Capital
3093,Arclight Films
427678,Glacier Films
59168,Hannibal Media
186454,MVP Films
501338,USS Indianapolis Production
497467,Atomic Features
530290,Green-Light International
209560,Grindstone Entertainment Group
515206,Sculptor Media
277897,Tycor International Film Company
9187,Pointblank Pictures
150505,Salty Pictures
3297,First Street Films
133023,HanWay Films
500106,Weimaraner Republic Pictures
320014,Ombra Films
345956,Point Grey Pictures
142446,Mandate Pictures
11073,Gruskoff/Venture Films
22708,Crossbow Productions
46023,Jouer Limited
156093,UrbanFox Films
66260,Champs-Élysées Productions
42375,Lux Film
50989,Svensk Filmindustri
270142,4 1/2 Film
63732,Arte France Cinéma
4535,Coproduction Office
66028,Filmstiftung Nordrhein-Westfalen
88432,Norsk Filmfond
172623,Posthus Teatret
1114,Roy Andersson Filmproduktion AB
148051,Spillefilmkompaniet 4 1/2
151805,Studio 24
178873,Style Jam
219197,Thermidor Filmproduktion
3258,Lightning Entertainment
239581,ProdigyMovies
331447,Mysterious Light
57615,Achilles
100462,Zide-Perry Productions
179952,Kumar Mobiliengesellschaft mbH & Co. Projekt Nr. 1 KG
151379,Matinee Pictures
320069,Jellystone Films
7127,New Regency Productions
166202,Epsilon Motion Pictures
21593,Bad Robot
33633,LivePlanet
292847,TinRes Entertainment
475764,Over Under Media
150372,Priority Films
234072,Footprint Investment Fund
12413,Piccadilly Pictures
212724,Independent
360226,Rockinghorse Films
400139,Caemhan
376292,Panaramic
400361,Beryl Betty
304644,Atlantic Swiss Productions
10568,Screen Gems
85725,Misher Films
17712,Emmett/Furla/Oasis Films
224058,K5 International
265611,Aperture Entertainment
492689,K5 Media Capital
114024,Flipside Entertainment
810242,Flipside Entertainment Group
106913,Linovo Productions GmbH & Co. KG
36225,Hyde Park Entertainment
145519,Baldwin Entertainment Group
164669,Brass Hat Films
359888,Universal 1440 Entertainment
40343,Landsburg Company
334041,Amok Productions
554532,Momentum Pictures
332559,Solution Entertainment Group
620416,WarParty Films
42559,The Ladd Company
48902,Cinema Group Ventures
120397,Entertainment Manufacturing Company
116514,VIP 3 Medienfonds
94902,Ascendant Pictures
142412,Rising Star
184307,Copag V
93560,Majority Entertainment
377076,Boies / Schiller Film Group
80859,Wonderland Sound and Vision
137447,Twisted Pictures
721324,Burg Koules Hoffman Productions
21624,Serendipity Productions
184201,Ontario Production Services Tax Credit (OPSTC)
16350,Canadian Film or Video Production Tax Credit (CPTC)
568939,Digital Riot Media
309659,Vesuvius Productions
43393,Franchise Pictures
26797,Lansdown Films
140758,Mel's Cite du Cinema
33472,Morgan Creek Entertainment
33185,Nine Yards Productions
63700,Rational Packaging Company
465853,Ambi Pictures
89304,Battleplan Productions
522524,Compadre Entertainment
55519,Notorious Pictures
441453,Paradox Studios
38944,Cube Libre
4490,Odeon Films
17692,Ontario Film Development Corporation
2847,The Feature Film Project
130269,The Harold Greenberg Fund
14596,Viacom Canada
323227,Automatik Entertainment
14956,Motion Picture Capital
439457,Oddfellows Entertainment
102770,Don Simpson/Jerry Bruckheimer Films
50870,Dark Castle Entertainment
188223,Millar Gough Ink
223721,EMJAG Productions
166161,After Dark Films
247637,Headshot Films
133018,Silver Screen Partners IV
13922,Mandalay Pictures
539522,Hypergiant Films
604311,Arcadia
276952,No Trace Camping
259111,Caramel Film
229296,Don Carmody Productions
315744,DragonCove Studios
141447,Inferno Pictures Inc.
59609,Happy Madison Productions
566686,Kinberg Genre
147148,The Estate of Agatha Christie
10002,Blueprint Pictures
476818,Film 4
11996,Island Pictures
129770,Ivory Way Productions
392031,Badlands Features
552880,Circle 18
552879,STANDOFF Pictures
666883,Baral Waley Productions
594165,JZM Films
15569,Ghost Logic
551166,Fat Cigar Productions
551167,The Darkside
34205,2 Loop Films
126402,A Loopy Production LLC
10110,U-Drive Productions
294935,Mandalay Vision
28602,Wind Dancer Productions
342014,Collins House Productions
248463,Horsethief Pictures
47476,StudioCanal
34515,Wildwood Enterprises
27876,Water Pictures
78812,Motion International
2927,Unapix Entertainment Productions
12357,Canadian Television Fund
9407,Space: The Imagination Station
43355,The Movie Network (TMN)
16920,Ontario Film and Television Tax Credit (OFTTC)
20996,Casablanca Sound and Picture
74720,Tattersall Sound
28505,Oddbod Productions
77108,TVA International
380492,Good Universe
132192,RabbitBandini Productions
643205,Ramona Films
456097,Warner Bros. Pictures
72737,Goldenlight Films
632387,Brother
259889,Cheetah Vision
293177,Action Jackson Films
36328,Paradox Entertainment
365905,Hedge Fund Film Partners
201510,Gunny Entertainment
196210,Bankside Films
493361,Kreo Films FZ
14641,Dan Films
342739,Newscope Films
362154,Metrol Technology
248798,Nu Boyana Film Studios
653253,Security Productions
82270,Anna Biller Productions
393265,Swearnet
76881,Silver Screen Partners III
587257,A Steven Haft Production
67672,Witt/Thomas Productions
565672,Forager Films
580751,Garrett Doubles Down
144901,Netflix
20649,Snowfall Films
42924,Co-Productiefonds Binnenlandse Omroep
137957,Golden Egg
137958,Ingrid Productions
46189,MGS Film
70694,Movie Visions
186770,Stichting Produktiefonds voor Nederlandse Films
43037,Televisie Radio Omroep Stichting (TROS)
198598,Closest to the Hole Productions
298735,Leverage Entertainment
381873,Hutch Parker Entertainment
221986,Illumination Entertainment
76240,Hollywood Pictures
14629,Outlaw Productions
453402,Storm Vision Entertainment
302468,Best Medicine Productions
479919,Eclectik Vision
56944,Mirage Productions
17447,Cinetel Films
22730,Davis Entertainment
223051,Redwire Pictures
366223,Content Media
375102,Culmination Productions
465393,Casadelic Pictures
224649,Jeff Rice Films
510206,LB Entertainment
818707,GhostWriter
247764,Imprint Entertainment
127845,Psychopia Pictures
142539,Pariah
469793,Selective Collective
331337,Waterstone Entertainment
795927,Wolf Haus
152336,Duplass Brothers Productions
73707,Hughes Entertainment
781821,20th Century Studios
73081,Apatow Productions
26281,Jerry Bruckheimer Films
96863,Blue Star Pictures
187476,Bangkok Dangerous
28556,International Production Company
485757,ShivHans Pictures
190357,Electric Dynamite
83975,Patriot Pictures
312761,Hannibal Classics
655352,Justice Everywhere Productions
100005,Martini Films
22018,Empire Pictures
62448,Lotus Pictures
94884,Baltimore Spring Creek Productions
41195,Cheyenne Enterprises
148949,Trigger Street Productions
215967,GH Three
198448,Floodland Pictures
501853,Level 5 Films
236559,Liquid Noise Films
532741,Winterland Pictures
17713,This Is That Productions
91524,Ambush Entertainment
184318,Cold Iron Pictures
347540,Crimson Bolt
622634,FortyFour Studios
93463,IAC Films
99647,Tollin/Robbins Productions
205759,Wild Hogs Productions
24939,NPV Entertainment
146933,WV Films II
398303,Six Mile Hill Productions
4265,Nickelodeon Movies
117811,Black & White Productions
212650,MP Inka
407896,42
271126,Before The Door Pictures
92503,Washington Square Films
595362,CounterNarrative Films
305819,Old Bull Pictures
641910,Rampage Films
561648,Vangard Productions
152219,Skydance Media
11704,Dream Cars
478951,Huahua Media
657029,S&C Pictures
155133,Shanghai Film Group
361287,TC Productions
237280,New Artists Alliance
308847,Snowfort Pictures
144109,Hunting Lane Films
65292,Journeyman Pictures
156876,Silverwood Films
132156,Truly Original
133934,Traction Media
212525,Verisimilitude
670821,Rustic Films
357545,Conde Nast Entertainment
232032,Kasbah Films
624503,Fingerprint Releasing
594040,Trans-Radial Pictures
494731,Bleecker Street Media
488234,Free Association
590272,Linmon Pictures
497484,Ways & Means
221144,Lila 9th Productions
568509,Higher Content
187793,Om Films
60840,Intellectual Properties Worldwide
313680,Aja / Levasseur Productions
14103,Atmosphere Entertainment MM
38754,Chako Film Company
558881,Red Christmas
209733,Blackmaria
292650,House on Fire
764914,Ítaca Films Brasil
74156,Le Fresnoy Studio National des Arts Contemporains
45050,Instituto do Cinema e do Audiovisual (ICA)
66213,Ministério da Cultura
764915,Rádio e Televisão de Portugal (RTP)
553574,Ministère des Affaires Étrangères
503416,Institut Français
167278,Ancine
310631,Petit Film
258741,Rouge International
262573,Frakas Productions
441383,Casa Kafka Pictures Movie Tax Shelter Empowered by Belfius
403793,La Wallonie
314860,Bruxelles Capitale
9031,Centre du Cinéma et de l'Audiovisuel de la Fédération Wallonie-Bruxelles
11677,Radio Télévision Belge Francophone (RTBF)
375934,VOO
178188,BE TV
578156,Arte / Cofinova 12
280898,Torino Film Lab
125559,Angoa-Agicoa
387145,Ciclic - Région Centre
589254,Ezekiel Film Production
445325,Southward Films
282285,Syfy
42909,The Asylum
192211,Mark Canton Productions
38165,Neo Art & Logic
316526,DeepStudios
266265,Essence Entertainment
543467,Main Dog Productions
64942,Mandeville Films
43831,Monarchy Enterprises B.V.
43164,Taurus Film
48117,Canal Sur Televisión
157183,Instituto de Crédito Oficial
71642,Instituto de la Cinematografía y de las Artes Audiovisuales
544623,Movistar+
64682,Radio Televisión Española
301139,Saban Capital Group
89918,Stratus Film Co.
136722,Equity Pictures Medienfonds GmbH & Co. KG II
136723,Hostage GmbH
165826,Syndicate Films International
79764,TF1 Films Production
71430,Motion Picture Corporation of America
515988,Sunset Junction Entertainment
50764,Baker Entertainment Group
692774,Higrowth Films
152181,Fuqua Films
176392,Riche Productions
585791,Wanda Pictures
656421,Cave 76
192833,Entertainment 360
7545,View Askew Productions
91846,Malta Film Commission
410559,Orange Studio
586968,Exhibit
479176,Parliament of Owls
78167,Keystone Pictures
14903,Artisan Entertainment
77965,Aqaba Productions
54830,Northern Lights Entertainment
19350,Muse Productions
372556,Division Films
157961,O' Salvation
378259,Iconoclast
207630,MJZ
497026,Diablo Entertainment
189495,Picked Last
130439,Media Talent Group
167005,Scoundrel Productions
165636,Todd Phillips Company
425992,Bardha Productions
260906,Nickname Projects
113043,Bader Bros. Pictures
528453,Killion Street
448466,Hoplite Entertainment
5875,Hyperion Pictures
94849,The Kushner-Locke Company
78943,Cecchi Gori Pictures
43545,Juno Pix
43923,Bill/Phillips
13906,Italo/Judeo Productions
67370,MFP Munich Film Partners GmbH & Company I. Produktions KG
206850,New Century
206908,Sor Productions
250462,Borden and Rosenbush Entertainment
21159,Alcor Films
530439,Lionsgate Premiere
742274,Colecar Productions
619986,River Bay Films
377363,Tri-Fold Pictures
49620,Doric Productions
89381,The Wolper Organization
336432,Fuzzy Logic Pictures
130509,"""DIA"" Productions GmbH & Co. KG"
130510,Joseph Nittolo Entertainment
38281,Newman/Tooley Films
35930,Forward Pass
79747,Art Linson Productions
62005,A&M Films
123634,CBS Theatrical Films
342335,Open Road Films (II)
119195,Inferno Distribution
192696,LD Entertainment
288042,Chambara Pictures
340618,1984 Private Defense Contractors
457724,Union Investment Partners
242732,Envision Entertainment
24345,Industry Entertainment
651857,Boss Collaboration
712530,Gosdom Entertainment
519475,Knightsbridge Entertainment
376562,LDMP
64908,Beacon Communications
9876,Riche-Ludwig Productions
182150,Howard Rosenman Productions
109632,Hydraulx
376329,REI Capital
307251,Grove Hill Productions
256591,Strange Matter Films
334469,EMA Films
222455,Epic Pictures Group
341402,Timpson Films
637285,Clubhouse Pictures
312433,"Georgia Film, Music & Digital Entertainment Office"
542434,LuckyChap Entertainment
578641,beIN Media Group
784469,Arboretum Productions
163323,Brookstreet Pictures
437328,The Fyzz Facility
638705,Kirk Shaw Productions
149632,Sunday Night
109435,Mad Circus Films
86772,Lions Gate Entertainment
16889,Mr. X
111290,Cube Forward Productions Corp.
55339,Apollo Pictures
73759,The Mount Company
222021,Stage 6 Films
186146,Hollywood Media Bridge
419980,Racer Entertainment
147434,120dB Films
201838,Cave Painting Pictures
496439,JoBro Productions & Film Finance
235242,The Salt Company International
48322,Jane Startz Productions
154947,Reliable Pictures Corporation
12870,Scholastic Productions
13175,The Kennedy/Marshall Company
164664,ARTE
59546,Cine Plus
445695,Deutscher Filmförderfonds
194428,Filmförderung Baden-Württemberg
47104,Südwestrundfunk
10760,UFA Fiction
79774,Channel Productions
501984,Blackmrkt
503460,Europictures
229781,WeatherVane Productions
71326,Lucasfilm
99634,The Coppola Company
63786,Brillstein-Grey Entertainment
68628,ScreenWest
173332,Lotterywest
311137,Media House Capital
397608,Daydream Productions
692729,Hopscotch Entertainment One
803692,Southern Light Films
378367,Bridle Path Films
243070,WBMC
811481,BBL Motion Picture Studios
784468,Tinker Productions
156805,Eden Rock Media
348357,Flynn Picture Company
443412,Novakovic Bros.
543919,Supersensory
392941,Aviron Pictures
687942,White Comet Films
123433,Rogue Pictures
301492,SoundNode
269133,Fundamental Films
49118,Film Afrika Worldwide
2948,FilmFour
88984,Kalima Productions GmbH & Co. KG
103588,TalkBack Productions
74598,WT2 Productions
186190,Gary Sanchez Productions
51941,Marvel Studios
3687,Imagine Entertainment
316578,Quadrant Pictures
720208,Gobierno de Colombia
103644,Tiger Aspect Productions
54452,Alcon Entertainment
5035,Warner Bros. Television
58765,Propaganda Films
45460,"A&B Producoes, Lda."
10434,Jersey Films
46592,Universal Television
93755,Media Asia Films
72626,Caravan Pictures
86710,Strike Entertainment
387579,6 Foot Films
591352,Avva Pictures
96347,DirecTV
265246,The Picture Company
28766,TF1
476953,Amazon Prime Video
452101,Bona Film Group
49799,China Film Group Corporation (CFGC)
786360,Canadian Film or Video Production Services Tax Credit (PSTC)
230144,Foe Killer Films
605792,Live Nation Productions
710819,Scondo Productions
495105,WorldStarHipHop
495104,Woven
120817,424 Post
76476,Gold Circle Films
281385,Jerkschool Productions
223262,Elephant Eye Films
108297,Refugee Films
332017,Matt Tolmach Productions
23815,Radar Pictures
536392,Seven Bucks Productions
116435,Donner/Shuler-Donner Productions
3350,Evansgideon/Lazar
538116,Dark Age Cinema
226355,Blue Creek Pictures
430345,Silver Lining Entertainment
236322,SBK Pictures
29604,CNCAIMC
19307,Fondo de Fomento a la Calidad Cinematográfica
38628,Grupo Del Toro
46997,Guillermo Springall
135459,Iguana Producciones
11735,Instituto Mexicano de Cinematografía
65189,S.T.P.C.
46729,Servicos Filmicos ANC
12868,Universidad de Guadalajara
184024,Ventana Films
106989,Mikona Productions GmbH & Co. KG
75321,Pan Productions
74212,Scott Free Productions
32259,Weinstock Productions
238126,M7 Filmproduktion
54733,Brood Syndicate
53780,Fried Films
7933,The Lloyd Segan Company
63228,Chris Brinker Productions
57651,B.D.S. Productions Inc.
440226,CB Productions
507042,IW Wrecker Productions
64409,New World Pictures
200312,Cinemarque Entertainment
65717,Brightlight Pictures
334128,Slither Productions
283926,Brownstone Productions
64423,Topsail Entertainment
44921,Trailer Park Productions
180539,Stuber/Parent
239926,Internationale Filmproduktion Stella-del-Süd
145942,WideAwake
390775,Levantine Films
66959,Worldwide Pants
189844,Phantom Four Films
22335,Fireworks Pictures
110404,Zucker Productions
42742,Bazelevs Production
66770,AVCO Embassy Pictures
24716,International Film Investors
45569,Goldcrest Films International
10057,City Films
646497,Millennium Media
795633,Cristal Pictures
695878,East Light Media
360646,Campbell Grobman Films
198748,TDMP
492280,Netherlands Film Production Incentive
795634,London Studios
356750,Above the Line Set Assistance & Security
32081,Davis-Films
35544,Alive Films
324578,Larry Franco Productions
88199,Irish DreamTime
500612,SPD Films
1152,Das Films
393951,Merced Media Partners
471439,No Spies
78545,Constellation Entertainment
20958,American Zoetrope
12893,Monarch Pictures
11112,The Mirisch Corporation
635919,Seven Arts Productions
190175,Likely Story
794605,PalmStar Entertainment
794606,Tadmor Entertainment
440477,The Bridge Finance Company
617798,Pfaff & Pfaff Productions
603369,Love & Death Productions
117723,Di Bonaventura Pictures
201171,Newgrange Pictures
97494,Nordisk Film Production
539481,Paradox Film 3
84128,Loud Films
26594,Rat Entertainment
54781,Roc-a-fella Films
698097,211 Productions
562117,Nu Image Bulgaria
18092,Barry Mendel Productions
145526,Limited Edition Productions Inc.
153052,Anger Management LLC
64748,Jack Giarraputo Productions
46561,Waterboy Productions
37360,Lorimar Film Entertainment
719531,Night Blade Holdings
291982,Rough House Pictures
326644,Super Crispy Entertainment
620813,Sam Spiegel International Film Lab
93758,Constant c Productions
638936,Twister Productions
563842,Silvertongue Films
9867,Cappa Films
63961,Tribeca Productions
297432,Inner Media
390113,Parkside Pictures
388021,RRE Media
143046,Unison Films
118715,Defender Films
215655,Funny or Die
65796,New Zealand Film Commission
236840,Resnick Interactive Development
261531,Pt. Merantau Films
75896,Celluloid Dreams
42359,Zucker Brothers Productions
238673,Edward S. Feldman Production
106129,PolyGram Filmed Entertainment
33402,Spelling Films International
82030,Blue Parrot
57712,Bad Hat Harry Productions
82012,Rosco Film GmbH
614086,Assemble Media
612274,CINESTATE
566160,IMG Films
10414,Nasser Group
471578,Broad Green Pictures
31730,Noruz Films (I)
22392,Amercent Films
65783,American Entertainment Partners L.P.
477903,Divide/Conquer
581611,Gunpowder & Sky
321160,Labyrinthe Films
25026,SND Films
376939,Maje Productions
551396,Emotions Films France
535241,Cinéfrance Plus
410579,Movie Pictures
305542,Umedia
318046,uFund
469946,Sofica Manon 5
551397,Sofica Manon 6
700,Icon Entertainment International
310184,Redrum
39098,Circle Films
202966,Universal Animation Studios
194770,Dr. Seuss Enterprises
625380,Legion M
97237,Wallimage
42549,Delphi II Productions
24560,Jerry Weintraub Productions
246151,Big Kid Pictures
306946,Team Downey
581352,Huayi Brothers Pictures
532247,Pascal Pictures
796482,MG's Game
107319,Ransom Productions
463712,Paradox
463681,Paradox Film 2
325978,Zentropa Entertainments 5
338571,Zentropa International Sweden
311623,Fonds Eurimages du Conseil de l'Europe
32057,Norwegian Film Institute
598543,Storyline NOR
34438,MTV Films
78828,Dickhouse Productions
20893,Lynch Siderow Productions
202538,Ahimsa Films
62793,Blue-Tongue Films
67485,Caro-McLeod
29540,RadicalMedia
17404,Katira Productions GmbH & Co. KG
56755,France 2 Cinéma
501538,Archery Pictures
31670,Transfilm
451514,Flashlight Films
135468,Polar Productions
28338,Atlas Entertainment
559398,Whole Truth Productions
198692,Parachute Pictures
420849,Gold Star Films
472968,606 Films
742429,Evandine Productions
428352,Lotus Entertainment
479423,Rumble Entertainment
227523,Well Go USA Entertainment
133523,Darius Films
332840,G-BASE
187451,The Film Department
125213,Warp Films
232271,Evil Twins (I)
424445,Audax Films
422626,Dark Arts Film
541701,End Cue
212295,Park Pictures
40938,DreamWorks
567243,Amblin Partners
353093,Chris Morgan Productions
652570,Dylan Clark Productions
191649,Resolute Films and Entertainment
452823,M.E.S. Productions
258793,Monkey Pack Films
643524,Charades
572352,Logical Pictures
200136,Nexus Factory
682021,Cinémage 12
489494,Investisseurs Tax Shelter
30755,Killer Films
472890,Omeira Studio Partners
580774,Fibonacci Films
202713,Polsky Films
241427,Osiris Productions
289420,Lieutenant Productions
699213,STX Films
670041,Diamond Film Productions
164393,Tucker Tooley Entertainment
195602,Bandito Brothers
55491,Electronic Arts
180898,Captured Films
73740,Meteor Productions
41172,British Film Institute (BFI) Production Board
368345,RADiUS-TWC
42025,Little Magic Films
146612,Sahamongkol Film International
551821,Doug Liman Productions
195567,Independent Pictures
69210,The Alfred Shay Company Inc.
82004,Delphi V Productions
30480,Rysher Entertainment
10183,Intermedia Films
502036,Dirty Hands Productions
325207,Red Granite Pictures
88354,Appian Way
141038,Sikelia Productions
3987,Stone Village Pictures
72637,Spanky Pictures
704757,Utopian Turtletop Productions
737723,The Province of Ontario
113592,Broadway Pictures
220969,Beverly Hills Ninja Productions
767068,Acquire Entertainment Group
213926,Vallelonga Productions
528657,Vengeance is Mine Productions
245333,El Duo Motion Pictures
98544,Farpoint Films
593498,Musterios Entertainment
180560,Prodigy Pictures
477443,Vigilante Productions
176483,Immortal Thoughts
244587,Three Good Men
17280,Dog Eat Dog Films
18555,Gramercy Pictures
37724,Maverick Picture Company
47120,Marvel Entertainment
180492,Avi Arad Productions
191864,Lord Miller
95169,HBO Pictures
133016,Silver Screen Partners
194736,Media Rights Capital (MRC)
243405,Night Chronicles
237697,Goalpost Pictures
791453,Nervous Tick Productions
613852,South9
615427,Won't Quit Entertainment Productions
63353,Century Park Pictures
698151,Rise Up
109128,IMF Internationale Medien und Film GmbH & Co. 3. Produktions KG
93794,Red Wagon Entertainment
150511,RV Camping Productions Ltd.
370032,N2 Productions
329296,Studio 8
255647,Animus Pictures
370872,Arctic Rabbit Pictures
548365,Benattar/Thomas Productions
33149,De Line Pictures
473978,Imperative Entertainment
609239,Bron Creative
309252,BRON Studios
465018,Creative Wealth Media Finance
531874,Goddard Textiles
186321,Friendly Films
243819,Mutressa Movies
10293,Fastnet Films
638295,Good Vibes Only Entertainment
59068,ApolloProMedia GmbH & Co. 1. Filmproduktion KG (I)
13246,Motion Picture Corporation of Europe (MPCE)
308139,Riding the Bullet Production
51944,Buena Vista International
38270,Mirage Enterprises
779514,Cinema '84
56805,Hemdale
760518,Unplanned Movie
45196,City Light Films
358416,Higher Heights Filmworks
536162,King and Brown Enterprises
233864,Poorchild Films
447774,Reda Jo Films
703197,Hangman Productions
23327,Moonstone Entertainment
15549,Act III
65319,The Body
23603,Canal+ Droits Audiovisuels
242577,Court Five
338205,Valentina Films
400639,Picture Perfect Corporation
198823,SprocketHeads
25957,Spelling Films
8347,Fairview Entertainment
91919,British Film Commission
267060,Goldrush Entertainment
141205,Minds Eye Entertainment
729651,Spartiate Films
707356,Paragon Media Production
630728,Creative Saskatchewan Screen-Based Media Production Program
13271,Reteitalia
91388,Scena International
74647,Star Partners II Ltd.
64143,DeBart
504502,Finch Entertainment
69598,Green Parrot
28943,Trinity
300880,SONO Production
287640,Son Of No One Production
226345,Lin Pictures
339894,KatzSmith Productions
66053,Spectacor Films
79532,Steve White Productions
79484,Trimark Pictures
337278,Graham / Nevinny Productions
26841,United Artists
21711,Suftley
384906,Hanged Man Pictures
280562,Twist Entertainment
206200,Vuguru
365575,Goodbros. Pictures Entertainment
78090,Trilogy Entertainment Group
40162,Crows Nest Films Inc.
338181,South Creek Pictures
310299,Dynan Productions
265951,Foundation Features
79035,New Crime Productions
531165,Dotti Nation
372624,Morocco Film Production
13731,Broadway Video
180100,Michaels Goldwyn
191796,The Lonely Island
43107,British Broadcasting Corporation
769935,H2L Media Group
7500,Mutual Film Company
79339,Tele München Fernseh Produktionsgesellschaft
2219,Toho Company
28427,Towa Video
69524,Union Générale Cinématographique
5233,Radiant Productions
97246,Beacon Pictures
332748,Etalon Film
44240,Kopelson Entertainment
73541,The Bubble Factory
1453,Sheinberg Productions
184088,Yorktown Productions
49954,Live Entertainment
8096,Dinamo Entertainment
18709,Eyes 'n Rice
18184,Live Film
22915,Mediaworks
244450,10 West Studios
580691,Believe Entertainment
34133,Jenkins Entertainment
166299,The Ultimate Gift LLC
67735,Dean River Productions
177462,LIFE
189671,Life (n) Media
235048,Stanford Financial Group
251080,"Nasser Group, North"
223795,Indieproduction
424898,One Media
135994,Vocal Yokels
193544,Pure Flix Entertainment
158325,Believe Entertainment
268346,Toy Gun Films
424826,Lighting Dark
307996,Aledo Film Group
442587,Little Faith Pictures
327256,4th Wall Entertainment
292909,Lionsgate Home Entertainment
221029,Failure to Launch Productions
25423,GreeneStreet Films
38332,DC Comics
376314,DBM Films
12742,Moonlit Pictures
249706,DBM Communications
44319,Messenger Films
123268,Kelly's Filmworks
660724,Mapelle Films
689978,Alderman Company
691952,Magnified Productions
300843,Trilight Entertainment
715579,KC Film Office
22171,Doty-Dayton Production
31181,Spyglass Entertainment
214497,Reliance Big Entertainment
108321,Parkes/MacDonald Image Nation
136709,Everyman Pictures
37418,Sagittaire Films
76857,Captain Movies
50935,Super Écran
99164,Province of British Columbia Film Incentive BC
16584,National Bank of Canada
118889,Satan's Little Company LLC
72994,Intrinsic Value Films
252236,Vine Media Group
524199,ETA Films
767577,Killing Link Productions
732134,Old City SAS
76321,R U Dun Productions
331312,Pure Flix Productions
480274,Greg Jenkins Productions
195641,Red Entertainment Group
441925,Affect Entertainment
776313,Heavenly Deposit
656537,Imaginer Films
725239,Jaguar Bite
374106,Rossetti Productions
558131,XDX2
343714,Gorilla Poet Productions
550765,Trinity Digital
45123,H2 Productions
482749,Disciple Cinema Group
432072,Rob Diamond Films
536655,II Films
572109,Miles Between Us
519429,Brand Inc. Entertainment
762940,T-Street
77199,Christmas Tree Films
54262,Chartoff-Winkler Productions
360728,Home Theater Films
546060,New Life Cinema
543482,Kingdom Sight Studios
271788,Riders Up Productions
89252,Daniel Grodnik Productions
655005,Wonderfilm Media
543401,Aperture Media Partners
591236,Blue Rider Puerto Rico
291239,Pimienta
230513,Premiere Pictures
360871,The Exchange
401808,Latigo Entertainment
472480,The Ultimate Life
297959,ReelWorks Studios
457598,Guardian Angel Films
405733,Gold Moon Films
226150,Underdog Productions LA
474730,BondIt Media Capital
653778,Koed Films
280061,Skipstone Pictures
571503,V.P. Angel International
184936,Silver Lining Pictures
291911,iProduceFilms.com
285110,Breathe Motion Pictures
689975,Homesick Media
385758,LA Mission Media
412725,180 Films
147497,New Daydream Films
261932,Reliance Big Pictures
282912,Starlight Films
4925,Kintop Pictures
48997,Bent Nail Productions
119340,Serendipity Productions
136728,Ingenious Film Partners
196361,Liberty Films (II)
8434,5x5 Productions
261777,Silver Peak Productions
57987,Peter V. Miller Investment Corp.
731057,Dale Launer Production
156199,Level Path Productions
126705,Swirl Films
174792,Blue Wolf Productions
509662,75 Year Plan Productions
383881,Digital Thunderdome
590734,Lazy Racer Productions
590735,Mainstream Misfits
544119,RGM NewBreed
625186,Webber Films
248587,Riveting Entertainment
148020,Big Beach Films
593661,BMC Productions
206768,JC Films
52395,Out of the Blue... Entertainment
732100,Old is New
353020,Skoche Films
206131,Motion Picture Pro Studios
541679,Ultimate Legacy
274505,Augenschein Filmproduktion
31375,Novotny & Novotny Filmproduktion GmbH
670857,Endeavor Content
51615,Bayerischer Rundfunk (BR)
767930,Film AG Produktion
777583,Leonine Studios
142132,Luna Filmverleih
67907,Jonathan Krane Group
318844,Bavariapool
121071,Eagle Vision
330317,Manitoba Film & Music
199880,Cold Spring Pictures
118469,The Montecito Picture Company
437457,Digital Image Associates
31298,Just Singer Entertainment
743705,Fervent House Media
706942,Jennifer Todd Pictures
93869,Mayhem Pictures
368572,Filmtribe
86397,Sony Pictures Television
212797,High Bridge Productions
71947,Gran Via Productions
334856,Route 40 Films
376627,Flyover Films
226484,NGN Productions
24141,Nasser Entertainment Group
232086,Wineskins Entertainment
549977,Mustard Seed Entertainment
319081,ReKon Productions
549870,KKO Productions
407066,WitPro
111385,Gold Pictures
477142,Spirit Fruit Productions
482639,Transition Studios
429757,StoneTable Films
451701,Living Word Films
553598,Sole Productions Inc.
280652,Hybrid
80834,Boxing Cat Films
31707,Guy Walks into a Bar Productions
52918,Gold/Miller Productions
37759,Mosaic
93867,Shawn Danielle Productions Ltd.
291775,ImageMovers Digital
872856,Stedfast Baptist Church
799219,Turnpike Films
246218,Opposite Day
516335,Five Arts Films
408387,RHL Group
751484,INSP Films
734689,Imagicomm Entertainment
547537,Imagicomm Films
517506,Church at Chapel Hill
423387,11 Seconds
329724,All Entertainment
412536,Destined Media
48654,Sherwood Pictures
248927,Provident Films
248867,Affirm Films
286343,Alabama Production Group
356744,Bay Ridge Films
644966,Argonaut Entertainment Partners
704158,Briarcliff Entertainment
366808,Dreadnought Films
813329,Honest Thief Productions
813522,J Cubed Film Finance
742270,Samuel Marshall Productions
558799,Sprockefeller Pictures
305814,Tri-Rahn Pictures
603088,M6 Entertainment
496834,Godspeed Pictures
478839,Stealth Tiger Entertainment
387639,Attic Light Films
547797,Produce Films
364721,White Door Media
268116,Dorsey Productions
229458,IAM Entertainment
226411,The Story Company
624509,Rapture Pictures
765728,Bonniebryn Entertainment
107749,Kappa Studios
692106,Bleu Bayou Pictures
729484,Green Apple Productions
368451,Family Gravity Media
328182,Standing Sun
353446,Illumin8ed Productions
374204,Stone Five Studios
248980,Carmel Entertainment
73388,Walden Media
186672,Goldsmith-Thomas Productions
288827,GraceWorks Pictures
27728,"Chaos, a Film Company"
714451,Burning Bulb Productions
415662,Panting Deer Productions
615768,Faith House Pictures
11688,Bridgestone Multimedia
681274,Mythic Pictures
346184,1st Dibz Productions
606698,Limesoda Films
252140,Color Green Films
479478,Dawn's Light
788407,PurpleDOG
435644,Gradual Elevate Media
521165,FaithStep Films
522979,Red Sky Studios
445124,Graça Filmes
503613,Eternal Salvation Productions
376215,Triple Horse Studios
439255,Abington Ridge Films
438574,Camfam Studios
379171,Thorn Crown Project
764728,Earth Mother Entertainment
626922,Red Heritage Media
315559,FilmPool
287888,PureFlix Cinema
305783,Dog Days Entertainment
164683,Tamiami Films
368021,Whitlow Films
468082,Foretress Films
771324,Pryor Entertainment
513123,Skytone Media
387888,Whisper Productions
118837,Metanoia Films
159370,Bella Production
180518,Burnside Entertainment
221872,Mpower Pictures
223117,The One Media
654043,Collusion Films
206591,Quantum Creation FX
640877,Rockhill Studios
121278,Standing Room Only Cinema
769253,Trash Panda Entertainment
31457,Alexander Films
480525,Live the Life Partners
297702,Pathlight Entertainment
88352,MPS Dallas
295552,Advocate Pictures
158807,Chankin Entertainment
215551,Marker Entertainment
314078,Sixty40 Productions
613092,Power of 3
579499,Believe the Film
572180,Damascus Road Productions
106524,FourBoys Entertainment
843203,Fallen Giant Films
424245,Job's House Productions
64419,Dave Christiano Films
355555,Covenant Road Entertainment
743169,87North
594150,Eighty Two Films
113457,Odenkirk Provissiero Entertainment
22971,Hawn / Sylbert Movie Company
814517,Lightspeed Pictures
711088,Wandering Foot Productions
41635,Lawrence Gordon Productions
34820,World Wide Pictures
19166,Zanuck/Brown Productions
176022,K/O Paper Products
216879,KMP Film Invest
12382,Cruise/Wagner Productions
7610,Blue Tulip Productions
130968,Ronald Shusett/Gary Goldman
3988,Jasmine Productions Inc.
28809,Jean Doumanian Productions
115522,Magnolia Films
46148,Sweetland Films
68294,Arlington Road Productions Corporation
49333,Gorai / Samuelson Productions
182558,Samuelson Productions
60075,Groucho Film Partnership
17834,Destination Films
274103,SSS Entertainment
341688,Buffalo 8 Productions
339115,Verdi Productions
832578,Raven Capital Management
549767,Stonehouse Motion Pictures
382927,UTA Independent Film Group
95025,Junction Entertainment
93477,TPS Star
401951,Seaside Film Taken
192913,All Pictures Media
94483,Cinergi Pictures Entertainment
439538,Sweet Unknown Studios
93861,Simon West Productions
32922,Hallmark Channel
181501,Believe Pictures
319868,Odyssey Networks
252349,Mission Pictures International
25928,Mulberry Square Productions
57553,Grand Slam Productions
80279,Pariah Entertainment Group
72017,Rimfire Films
87336,Airborne Productions
693106,Burk A Project
91365,Estudios Churubusco Azteca S.A.
2647,Furthur Films
176225,Fox Atomic
426221,Rocan Productions
307635,Pink Machine
131022,Tree Line Film
268489,Roth Films
308369,Aura Film Partnership
95383,Fierce Entertainment
340831,Material Pictures
88587,Maguire Entertainment
25116,Crescendo Productions
46151,1492 Pictures
502189,RTM Film Inc
93046,Clinica Estetico
51847,Aldrich Group
109356,Optional Pictures
87167,Kanzaman S.A.M.
59451,Rastar Films
330789,Berlanti Productions
683138,Maximum Effort
730836,Lit Entertainment Group
263395,Hey Eddie
113573,MarVista Entertainment
699787,Captive Nation
44165,Chicago Pacific Entertainment
81580,Hollywood Caterers
135149,Infinitum Nihil
539689,Romulus Entertainment
194807,Farah Films & Management
113274,Callahan Filmworks
45514,Casual Friday Productions
7784,Gunn Films
241738,Dune Entertainment III
841502,RD Locations
99636,Laurel Entertainment Inc.
53164,Worldvision
168855,Jon Shestack Productions
184096,Smokehouse Pictures
84122,Camelot Pictures
12408,Chris Lee Productions
12496,Illusion Entertainment
133270,Mediastream Zweite Film GmbH & Co. Productions KG
8168,Dunlevy Pictures
1100,Pacific Motion Pictures
53086,Triumph Films
453814,En'val Entertainment
280231,Autumn Bailey Entertainment
635443,Hazel Blue Productions
310494,Pellikola
545599,Roaming Elephant Productions
713137,Pinnacle Peak Pictures
804108,Sandoval Studios
865585,K-LOVE Films
918285,Fair Trade Films
44472,Harper Collins Publishers
384125,Annuit Coeptis Entertainment II
197380,Johnson Production Group
719312,M/M Entertainment
515241,Avondale Pictures
515242,Cornerstone Ministries
535934,Filmlook Media Group
648666,Rincon Media Group
301986,Lost Coin Productions
379928,Let's Make A Picture Productions
481623,Pure Comedy
256057,Post Haste Digital
481622,Anchor Productions
623886,LightBeaMedia
6043,DiBella Films Ltd.
347973,Faith Street Film Partners
386800,Bright Horizon Pictures
32279,Christiano Film Group
413298,P23 Entertainment
189148,Ridgerock Entertainment Group
304099,God & Country Entertainment
761915,KEB Entertainment
738388,Creation Ink
197846,Java Post Production
222145,Crystal Creek Media
376710,Affiliation Films
351552,Bobbcat Films
201793,Check the Gate Productions
545387,Film Incito
360353,The Steve Jaggi Company
661865,30WEST
554413,308 Ent
247017,Arcana Studio
148048,Group Hug Productions
423295,Itsy Bitsy Film
512258,Vetter Brothers Filmworks
80947,Blueeyes Productions
92329,Leverage Management
349669,Farraday Films
313548,One Race Films
747900,Roth/Kirschenbaum Films
374900,Perfect Storm Entertainment
827383,Enkeny Films
130379,Face Productions
400277,Bearfruit Films
9512,TNT
3899,Electric Entertainment
137385,ApolloProScreen Filmproduktion
181866,Alberta Film Entertainment
58425,Granada Entertainment
294271,Johnson & Johnson Spotlight Presentations
87777,Magna Global Entertainment
185035,Old Beantown Films
186506,The Alberta Film Development Program of the Alberta Foundation for the Arts
401655,DeInstitutionalized
625744,End of the Rose
60233,Dick Ross Productions
70942,Gateway Films
50655,Responsible Entertainment
95198,RD-DR Productions
95203,The Lutheran Church in America
61436,Luther Filmgesellshaft
108280,Louis De Rochemont Associates
42403,Mojo Films
734868,Sydney Productions
31919,David Brown Productions
882445,The Boylan Sisters
64187,Andell Entertainment
230125,Hwy61
233587,Fidélité Films
234935,Exclusive Media Group
354894,Crystal City Entertainment
309663,Yuma
276484,Prospect Park
81526,Firm Films
7424,Millbrook Farm Productions
69509,Delphi Premier Productions
31638,Polar Film
29398,Darkwoods Productions
79603,Jolly Film
2257,Constantin Film
67755,Ocean Films
18640,Dualstar Productions
78748,Orr & Cruickshank
628338,Welle Entertainment
182553,Arthur Sarkissian Productions
248885,Finding Forrester Productions
103746,Fountainbridge Films
27956,Laurence Mark Productions
